BTC-USD,ETH-USD,BNB-USD,XRP-USD,ADA-USD,SOL-USD,DOGE-USD,MATIC-USD,DOT-USD,TRX-USD
29374.15234375,730.3675537109375,37.90501022338867,0.23744399845600128,0.17534999549388885,1.8420840501785278,0.005685000214725733,0.017812000587582588,8.306818962097168,0.0269399993121624
32127.267578125,774.5349731445312,38.24159240722656,0.2216549962759018,0.17742300033569336,1.7992750406265259,0.010614999569952488,0.019043000414967537,9.208836555480957,0.027218999341130257
32782.0234375,975.5076904296875,41.14897918701172,0.2258480042219162,0.20499500632286072,2.1617519855499268,0.009770999662578106,0.019974999129772186,10.033283233642578,0.0294950008392334
31971.9140625,1040.2330322265625,40.926353454589844,0.23667700588703156,0.2247619926929474,2.4850969314575195,0.009766999632120132,0.0246140006929636,9.469611167907715,0.030852999538183212
33992.4296875,1100.006103515625,41.73460006713867,0.22675000131130219,0.25831401348114014,2.157217025756836,0.009920000098645687,0.024467000737786293,9.701656341552734,0.02863200008869171
36824.36328125,1207.1121826171875,42.16595458984375,0.2508949935436249,0.3318980038166046,1.929216980934143,0.010464999824762344,0.03513500094413757,10.096068382263184,0.030515000224113464
39371.04296875,1225.6781005859375,43.44948959350586,0.32600200176239014,0.2999800145626068,2.3727450370788574,0.00974200014024973,0.03299900144338608,9.644584655761719,0.031067999079823494
40797.609375,1224.1971435546875,42.39531707763672,0.32322999835014343,0.3055970072746277,3.2198870182037354,0.009846000000834465,0.0317390002310276,9.307134628295898,0.030612999573349953
40254.546875,1281.0772705078125,43.93285369873047,0.32691600918769836,0.33297300338745117,3.3853819370269775,0.010193999856710434,0.03351299837231636,9.777765274047852,0.034026000648736954
38356.44140625,1262.2467041015625,42.4484748840332,0.31833600997924805,0.3048950135707855,3.466110944747925,0.009859999641776085,0.030410999432206154,9.305047988891602,0.0329350009560585
35566.65625,1090.1453857421875,38.371360778808594,0.28890499472618103,0.2754659950733185,3.1080899238586426,0.008834999985992908,0.026124000549316406,8.276439666748047,0.02896299958229065
33922.9609375,1043.4345703125,38.111610412597656,0.2921229898929596,0.2870030105113983,3.6133980751037598,0.008062999695539474,0.026089999824762344,8.264147758483887,0.028558000922203064
37316.359375,1130.7393798828125,40.13593292236328,0.3055799901485443,0.3136090040206909,3.513782024383545,0.008616000413894653,0.030069999396800995,10.957710266113281,0.030195999890565872
39187.328125,1218.4530029296875,41.79368209838867,0.2954379916191101,0.3103959858417511,3.2781639099121094,0.009397000074386597,0.03283099830150604,14.539050102233887,0.030009999871253967
36825.3671875,1171.8345947265625,40.91897964477539,0.28040599822998047,0.3025299906730652,3.2501609325408936,0.009368999861180782,0.03401400148868561,13.212381362915039,0.029789999127388
36178.140625,1233.53759765625,43.17182540893555,0.2801879942417145,0.35244399309158325,3.4470551013946533,0.009265000000596046,0.03276799991726875,18.180423736572266,0.030153000727295876
35791.27734375,1230.1722412109375,45.68461227416992,0.2773840129375458,0.3798519968986511,3.81813907623291,0.009066999889910221,0.03401999920606613,16.984254837036133,0.03014099970459938
36630.07421875,1257.279541015625,45.353172302246094,0.2847689986228943,0.3714280128479004,3.7955150604248047,0.009170999750494957,0.036052998155355453,16.51292610168457,0.03161799907684326
36069.8046875,1377.2958984375,42.7855339050293,0.2943139970302582,0.3691369891166687,3.6418659687042236,0.009097999893128872,0.032513998448848724,16.468509674072266,0.030791999772191048
35547.75,1382.2740478515625,42.60689926147461,0.2965179979801178,0.37539398670196533,3.7235779762268066,0.009060000069439411,0.034533001482486725,17.948930740356445,0.030507000163197517
30825.69921875,1121.5709228515625,38.64583969116211,0.26894599199295044,0.3102090060710907,2.9905359745025635,0.008166000247001648,0.02860400080680847,15.94483757019043,0.02770400047302246
33005.76171875,1236.51220703125,40.85757064819336,0.27279898524284363,0.34957700967788696,3.346229076385498,0.008523999713361263,0.03129800036549568,17.161441802978516,0.028637999668717384
32067.642578125,1230.9906005859375,40.81547927856445,0.271820992231369,0.345643013715744,3.5041120052337646,0.008578999899327755,0.03397500142455101,18.59819984436035,0.029186999425292015
32289.37890625,1391.609375,41.88160705566406,0.2735089957714081,0.35388100147247314,3.634411096572876,0.008727000094950199,0.03317699953913689,17.999649047851562,0.03002000041306019
32366.392578125,1324.414794921875,41.62370300292969,0.269089013338089,0.34388598799705505,3.6999809741973877,0.008383000269532204,0.03297799825668335,17.250455856323242,0.029557999223470688
32569.849609375,1357.05810546875,41.69473648071289,0.26882699131965637,0.34423398971557617,4.04734992980957,0.008255000226199627,0.04335999861359596,17.117761611938477,0.029512999579310417
30432.546875,1253.1871337890625,40.994876861572266,0.2519429922103882,0.3130800127983093,3.690587043762207,0.007482000160962343,0.042072001844644547,15.504860877990723,0.028325000777840614
33466.09765625,1332.4921875,42.52910614013672,0.26412200927734375,0.34612900018692017,3.8220720291137695,0.03408399969339371,0.038892000913619995,16.94493293762207,0.02964800037443638
34316.38671875,1382.5228271484375,42.85234832763672,0.2821879982948303,0.348131000995636,3.8346760272979736,0.047162000089883804,0.04027700051665306,16.841611862182617,0.033296000212430954
34269.5234375,1376.115478515625,44.77227783203125,0.44024398922920227,0.362619012594223,4.224276065826416,0.028176000341773033,0.03992500156164169,16.506908416748047,0.03202800080180168
33114.359375,1314.9862060546875,44.27599334716797,0.49231401085853577,0.344897985458374,4.264143943786621,0.037195999175310135,0.03827900066971779,16.121315002441406,0.031603001058101654
33537.17578125,1369.04052734375,51.607696533203125,0.37150898575782776,0.4020330011844635,4.611601829528809,0.03487500175833702,0.040876999497413635,16.375776290893555,0.032926999032497406
35510.2890625,1515.1937255859375,51.05640411376953,0.369269996881485,0.4262470006942749,5.267508029937744,0.03152000159025192,0.04108300060033798,17.263256072998047,0.033153001219034195
37472.08984375,1660.9095458984375,52.242637634277344,0.3934899866580963,0.4413999915122986,5.71599006652832,0.03711999952793121,0.04383600130677223,20.733652114868164,0.034439001232385635
36926.06640625,1594.7626953125,55.92512512207031,0.44644901156425476,0.44105100631713867,6.426064968109131,0.05328899994492531,0.04734700173139572,19.70218276977539,0.033174000680446625
38144.30859375,1718.65087890625,67.84556579589844,0.45004698634147644,0.5378739833831787,6.681719779968262,0.04693499952554703,0.054767001420259476,20.90267562866211,0.03625600039958954
39266.01171875,1677.8468017578125,72.73359680175781,0.43909600377082825,0.6278859972953796,6.110806941986084,0.05759499967098236,0.05240600183606148,20.395479202270508,0.03510599955916405
38903.44140625,1614.227783203125,68.59052276611328,0.41795799136161804,0.663237988948822,6.700462818145752,0.07878199964761734,0.06764200329780579,19.793615341186523,0.035971999168395996
46196.46484375,1746.6168212890625,79.83154296875,0.44770199060440063,0.6825109720230103,7.8832502365112305,0.07882499694824219,0.0712679997086525,23.031898498535156,0.0405460000038147
46481.10546875,1768.0350341796875,107.89927673339844,0.47199100255966187,0.7035160064697266,7.816792964935303,0.07006999850273132,0.0988679975271225,23.12996482849121,0.04603400081396103
44918.18359375,1744.243408203125,129.73715209960938,0.503445029258728,0.9303179979324341,9.072214126586914,0.07289600372314453,0.11701600253582001,23.585050582885742,0.046188998967409134
47909.33203125,1783.7979736328125,124.43425750732422,0.5247870087623596,0.9277409911155701,9.215352058410645,0.0696759968996048,0.12361100316047668,25.230295181274414,0.0570640005171299
47504.8515625,1843.5325927734375,136.94839477539062,0.6085919737815857,0.925586998462677,9.2470121383667,0.07006900012493134,0.1212330013513565,28.69125747680664,0.05532199889421463
47105.515625,1814.10986328125,133.4526824951172,0.6289960145950317,0.905718982219696,8.732455253601074,0.06644999980926514,0.1116499975323677,28.016725540161133,0.05961599946022034
48717.2890625,1805.0841064453125,136.426513671875,0.5941929817199707,0.8484190106391907,8.738896369934082,0.06253699958324432,0.10092200338840485,27.095735549926758,0.05554400011897087
47945.05859375,1779.791015625,129.56788635253906,0.5489150285720825,0.8610119819641113,8.861739158630371,0.05659100040793419,0.10760500282049179,27.780893325805664,0.05074600130319595
49199.87109375,1781.0675048828125,130.05665588378906,0.5208460092544556,0.8709509968757629,8.297866821289062,0.05352000147104263,0.10890000313520432,30.159910202026367,0.05217399820685387
52149.0078125,1848.458251953125,164.67010498046875,0.5355370044708252,0.8909199833869934,8.222577095031738,0.049375999718904495,0.11221999675035477,31.986658096313477,0.05260400101542473
51679.796875,1937.44921875,195.93263244628906,0.5324329733848572,0.9141190052032471,8.980451583862305,0.0595409981906414,0.12274400144815445,31.180639266967773,0.05498899891972542
55888.1328125,1960.164794921875,332.61602783203125,0.567018985748291,0.9276490211486816,11.465653419494629,0.055139001458883286,0.15484000742435455,34.79221725463867,0.06103000044822693
56099.51953125,1919.5340576171875,255.9537353515625,0.5175120234489441,1.1229579448699951,10.002663612365723,0.05438400059938431,0.14608100056648254,39.2421760559082,0.05804099887609482
57539.9453125,1935.60107421875,293.923583984375,0.5485600233078003,1.1005200147628784,11.0855131149292,0.055980000644922256,0.16224999725818634,39.69622802734375,0.05946800112724304
54207.3203125,1781.992919921875,267.5097961425781,0.571740984916687,1.0991510152816772,14.454785346984863,0.053725000470876694,0.15200500190258026,37.68947982788086,0.05437599867582321
48824.42578125,1570.2039794921875,230.99424743652344,0.47356298565864563,0.954708993434906,15.2015380859375,0.04739199951291084,0.1370050013065338,34.30077362060547,0.04478999972343445
49705.33203125,1626.57568359375,254.359130859375,0.4718320071697235,1.05165696144104,17.30270767211914,0.05655499920248985,0.16024300456047058,33.633544921875,0.04802799969911575
47093.8515625,1475.7037353515625,233.88595581054688,0.4345239996910095,1.0791159868240356,13.816014289855957,0.05016700178384781,0.17617900669574738,31.080659866333008,0.045205000787973404
46339.76171875,1446.03369140625,221.68043518066406,0.4278999865055084,1.2411049604415894,13.58794116973877,0.05048000067472458,0.19060200452804565,31.34609031677246,0.045173000544309616
46188.453125,1459.97314453125,225.2494354248047,0.4378089904785156,1.3248599767684937,13.201168060302734,0.05008300021290779,0.1975329965353012,33.44936752319336,0.046606000512838364
45137.76953125,1416.0489501953125,209.57440185546875,0.41495299339294434,1.3080589771270752,13.08924674987793,0.04805200174450874,0.22884699702262878,33.60725784301758,0.04564699903130531
49631.2421875,1564.7076416015625,254.6299285888672,0.44724398851394653,1.2923879623413086,14.955588340759277,0.050599001348018646,0.25157201290130615,35.58492660522461,0.04781800135970116
48378.98828125,1492.6087646484375,239.5225372314453,0.43683698773384094,1.2255820035934448,13.958921432495117,0.050262000411748886,0.23189300298690796,36.15311813354492,0.046849001199007034
50538.2421875,1575.8531494140625,241.09136962890625,0.45027899742126465,1.2165930271148682,14.115591049194336,0.050592001527547836,0.22393499314785004,37.04331970214844,0.04908199980854988
48561.16796875,1541.914306640625,229.945068359375,0.4866049885749817,1.1148680448532104,13.097983360290527,0.05004800111055374,0.20039500296115875,35.3303108215332,0.05138000100851059
48927.3046875,1533.2750244140625,226.37255859375,0.4581190049648285,1.1685229539871216,12.610443115234375,0.049609001725912094,0.2151709944009781,33.72447204589844,0.050269000232219696
48912.3828125,1654.7415771484375,226.66685485839844,0.4651060104370117,1.131011962890625,13.036458015441895,0.05098399892449379,0.21298600733280182,33.433692932128906,0.050289999693632126
51206.69140625,1723.15380859375,240.17921447753906,0.46686699986457825,1.1333669424057007,13.877732276916504,0.052122000604867935,0.2122430056333542,35.18865966796875,0.051722001284360886
52246.5234375,1834.7279052734375,240.31866455078125,0.47359699010849,1.1180529594421387,13.602188110351562,0.061948999762535095,0.216621994972229,34.913753509521484,0.05281300097703934
54824.1171875,1868.048828125,293.4632263183594,0.48598799109458923,1.195160984992981,14.84631061553955,0.05799800157546997,0.2989810109138489,38.194190979003906,0.0531730018556118
56008.55078125,1799.166259765625,279.3580322265625,0.4631659984588623,1.1350029706954956,14.231083869934082,0.05600399896502495,0.28752401471138,37.56694412231445,0.051516998559236526
57805.12109375,1826.1949462890625,289.7908020019531,0.4529600143432617,1.1247899532318115,15.992279052734375,0.055918000638484955,0.4106050133705139,36.88249588012695,0.05150600150227547
57332.08984375,1772.1024169921875,263.6858215332031,0.44113099575042725,1.0391440391540527,14.552142143249512,0.05534899979829788,0.41440799832344055,35.98695373535156,0.05004199966788292
61243.0859375,1924.6854248046875,276.1047058105469,0.45992401242256165,1.1033140420913696,15.308802604675293,0.062431998550891876,0.42513400316238403,37.15781021118164,0.05281500145792961
59302.31640625,1854.5643310546875,264.6367492675781,0.442111998796463,1.0591540336608887,14.50826644897461,0.05859199911355972,0.3828809857368469,36.57925033569336,0.05130099877715111
55907.19921875,1791.7022705078125,254.66082763671875,0.4375549852848053,1.033539056777954,14.186661720275879,0.05708799883723259,0.39295899868011475,34.35751724243164,0.05084000155329704
56804.90234375,1806.9718017578125,258.1006774902344,0.4625999927520752,1.2429529428482056,13.622773170471191,0.05860700085759163,0.3732219934463501,35.43083190917969,0.05229699984192848
58870.89453125,1823.4493408203125,269.8548583984375,0.4724169969558716,1.3786729574203491,14.220203399658203,0.057652998715639114,0.4032590091228485,36.14136505126953,0.0549749992787838
57858.921875,1782.8551025390625,261.7048034667969,0.4729189872741699,1.2390060424804688,14.230025291442871,0.05738300085067749,0.3907339870929718,35.5172233581543,0.05357800051569939
58346.65234375,1817.6241455078125,264.05743408203125,0.47117099165916443,1.3021700382232666,14.204795837402344,0.05832799896597862,0.41178300976753235,38.27268981933594,0.058793000876903534
58313.64453125,1812.6346435546875,264.7416687011719,0.5269910097122192,1.2065409421920776,14.211980819702148,0.05896100029349327,0.38361498713493347,37.35047912597656,0.061080001294612885
57523.421875,1788.217041015625,264.88616943359375,0.5198349952697754,1.18913996219635,14.332205772399902,0.05723400041460991,0.3810720145702362,36.793609619140625,0.06329599767923355
54529.14453125,1691.333984375,255.9001922607422,0.5499420166015625,1.1098740100860596,14.919293403625488,0.054962001740932465,0.34874600172042847,35.53754425048828,0.05976400151848793
54738.9453125,1678.650146484375,255.68966674804688,0.5565950274467468,1.1215519905090332,14.20483112335205,0.05355599895119667,0.33169400691986084,34.46046447753906,0.05883000046014786
52774.265625,1593.4134521484375,249.85137939453125,0.48883700370788574,1.0750019550323486,13.661297798156738,0.051702000200748444,0.3249790072441101,30.43643569946289,0.05607900023460388
51704.16015625,1595.3592529296875,234.88543701171875,0.5174980163574219,1.1015739440917969,13.02508544921875,0.051447998732328415,0.3018510043621063,29.982208251953125,0.055622000247240067
55137.3125,1702.842041015625,255.1045684814453,0.5670549869537354,1.2139689922332764,14.779420852661133,0.05395200103521347,0.33680400252342224,33.20038604736328,0.0649000033736229
55973.51171875,1716.49462890625,269.1023254394531,0.5504429936408997,1.1765769720077515,16.50832176208496,0.0543770007789135,0.3334439992904663,32.661048889160156,0.06379000097513199
55950.74609375,1691.35595703125,269.1912841796875,0.5507559776306152,1.1911239624023438,18.016233444213867,0.05369799956679344,0.3460099995136261,32.29789352416992,0.06356299668550491
57750.19921875,1819.6849365234375,275.2146301269531,0.5678709745407104,1.2025409936904907,18.854808807373047,0.054051999002695084,0.3839460015296936,34.37360382080078,0.0647910013794899
58917.69140625,1846.03369140625,311.4264831542969,0.5668590068817139,1.2133170366287231,19.233924865722656,0.05389999970793724,0.3712800145149231,34.06686019897461,0.06608600169420242
58918.83203125,1918.362060546875,302.0634460449219,0.573868989944458,1.1932640075683594,19.465229034423828,0.05365699902176857,0.359934002161026,37.02701187133789,0.09231200069189072
59095.80859375,1977.27685546875,335.212890625,0.5792919993400574,1.189244031906128,19.084901809692383,0.06198599934577942,0.36422199010849,37.67287826538086,0.08612000197172165
59384.3125,2143.2255859375,339.0077209472656,0.6165689826011658,1.1965090036392212,19.810222625732422,0.05766399949789047,0.3840020000934601,41.164283752441406,0.09255199879407883
57603.890625,2028.4224853515625,323.1335144042969,0.5909150242805481,1.1732770204544067,22.552276611328125,0.05580399930477142,0.3540309965610504,41.64603042602539,0.10207200050354004
58758.5546875,2093.122802734375,351.6243896484375,0.6467289924621582,1.1914199590682983,24.061323165893555,0.05740400031208992,0.3626370131969452,44.6522102355957,0.1293729990720749
59057.87890625,2107.88720703125,367.7724914550781,0.9204729795455933,1.2143000364303589,22.984283447265625,0.059696000069379807,0.37003299593925476,45.7972297668457,0.13672499358654022
58192.359375,2118.37890625,403.59075927734375,1.0962660312652588,1.2553540468215942,24.95714569091797,0.06445799767971039,0.374565988779068,43.430198669433594,0.12437400221824646
56048.9375,1971.0772705078125,374.6588134765625,0.917576014995575,1.1751489639282227,26.47808074951172,0.05902799963951111,0.33720800280570984,39.59401321411133,0.11028199642896652
58323.953125,2088.57373046875,418.03839111328125,1.0527559518814087,1.2194360494613647,27.033987045288086,0.06146400049328804,0.3563059866428375,41.36595153808594,0.12307000160217285
58245.00390625,2072.10888671875,453.178466796875,1.0208369493484497,1.2035399675369263,27.778274536132812,0.06168400123715401,0.36760300397872925,40.849308013916016,0.11593399941921234
59793.234375,2135.942138671875,472.5603332519531,1.3744159936904907,1.2187579870224,26.84140396118164,0.06384500116109848,0.35847100615501404,41.62615203857422,0.12598299980163574
60204.96484375,2157.656982421875,525.3855590820312,1.3605300188064575,1.2667349576950073,27.9318904876709,0.07464899867773056,0.37053200602531433,41.423397064208984,0.12235300242900848
59893.453125,2139.353271484375,598.72265625,1.4677350521087646,1.3161269426345825,28.512123107910156,0.07076700031757355,0.35804399847984314,40.49749755859375,0.12904800474643707
63503.45703125,2299.187744140625,549.5865478515625,1.7940009832382202,1.4117859601974487,27.4355525970459,0.09344500303268433,0.42207399010658264,42.94791030883789,0.14629800617694855
63109.6953125,2435.10498046875,549.5918579101562,1.8392360210418701,1.4554200172424316,26.47511100769043,0.12151700258255005,0.41468000411987305,42.64084243774414,0.1406940072774887
63314.01171875,2519.1162109375,542.632080078125,1.7660670280456543,1.4815880060195923,27.818313598632812,0.18220700323581696,0.4427329897880554,43.515968322753906,0.16464999318122864
61572.7890625,2431.946533203125,510.2201843261719,1.55752694606781,1.4169490337371826,25.39736557006836,0.36586999893188477,0.43644699454307556,41.5379753112793,0.162089005112648
60683.8203125,2344.89501953125,520.416748046875,1.5600550174713135,1.3848689794540405,25.09987449645996,0.28417301177978516,0.40625301003456116,42.53594970703125,0.15743499994277954
56216.18359375,2237.136962890625,481.03424072265625,1.4059979915618896,1.275501012802124,32.30291748046875,0.3204750120639801,0.3629010021686554,37.34743118286133,0.14287899434566498
55724.265625,2166.188720703125,505.0929260253906,1.3150440454483032,1.1979589462280273,31.67589569091797,0.40731799602508545,0.3271999955177307,34.81666946411133,0.13023899495601654
56473.03125,2330.2109375,587.0291137695312,1.3832989931106567,1.2659339904785156,31.77005386352539,0.31949999928474426,0.34152400493621826,35.444435119628906,0.13303500413894653
53906.08984375,2364.751708984375,546.0235595703125,1.2964979410171509,1.2067350149154663,32.51304244995117,0.3069249987602234,0.3592289984226227,33.871028900146484,0.12308000028133392
51762.2734375,2403.53515625,506.01300048828125,1.159682035446167,1.147017002105713,38.8797607421875,0.2609669864177704,0.3494449853897095,32.98847579956055,0.11012999713420868
51093.65234375,2363.586181640625,526.5652465820312,1.169659972190857,1.155701994895935,36.97842025756836,0.2485090047121048,0.38180801272392273,32.22798538208008,0.1090250015258789
50050.8671875,2211.625732421875,496.4150695800781,1.0487060546875,1.101354956626892,40.7373161315918,0.27021199464797974,0.3534280061721802,28.932832717895508,0.10270600020885468
49004.25390625,2316.0595703125,505.0770568847656,1.032256007194519,1.0882500410079956,47.36762619018555,0.2511110007762909,0.3828839957714081,29.762489318847656,0.10147099941968918
54021.75390625,2534.481689453125,534.5776977539062,1.3685059547424316,1.2340190410614014,43.97651672363281,0.2706739902496338,0.5351930260658264,33.4066276550293,0.11729499697685242
55033.1171875,2662.865234375,568.4705200195312,1.4009549617767334,1.306926965713501,43.2390022277832,0.2721880078315735,0.8327540159225464,34.70315933227539,0.12579399347305298
54824.703125,2746.380126953125,562.632568359375,1.3586009740829468,1.3356659412384033,44.825984954833984,0.3236820101737976,0.7731130123138428,33.967552185058594,0.12268400192260742
53555.109375,2756.876953125,599.70654296875,1.399359941482544,1.3080140352249146,42.460540771484375,0.3051689863204956,0.8908720016479492,35.96815490722656,0.1212650015950203
57750.17578125,2773.20703125,624.08056640625,1.5916739702224731,1.3524490594863892,42.95600128173828,0.3375610113143921,0.8205680251121521,36.54066467285156,0.1322290003299713
57828.05078125,2945.892822265625,619.3472290039062,1.6510250568389893,1.3530709743499756,49.50802230834961,0.3929870128631592,0.7868210077285767,36.929683685302734,0.13110800087451935
56631.078125,2952.05615234375,622.1010131835938,1.5626410245895386,1.3268120288848877,46.890987396240234,0.37604600191116333,0.8245120048522949,36.6545295715332,0.12765300273895264
57200.29296875,3431.086181640625,675.68408203125,1.555994987487793,1.362030029296875,45.93368911743164,0.44170698523521423,0.7961390018463135,37.25520706176758,0.13161399960517883
53333.5390625,3253.62939453125,611.2003173828125,1.3923759460449219,1.274111032485962,42.729557037353516,0.5413339734077454,0.7043830156326294,34.85350799560547,0.11939399689435959
57424.0078125,3522.783203125,651.6627197265625,1.6145119667053223,1.4755289554595947,44.92357635498047,0.6576330065727234,0.8110849857330322,40.49504470825195,0.14635300636291504
56396.515625,3490.88037109375,633.2803955078125,1.6005810499191284,1.650123953819275,43.4556770324707,0.5808039903640747,0.7617849707603455,41.53346633911133,0.15177300572395325
57356.40234375,3484.72900390625,624.5632934570312,1.5817550420761108,1.65345299243927,43.1550178527832,0.684777021408081,0.7531290054321289,39.92985153198242,0.14767999947071075
58803.77734375,3902.647705078125,646.100830078125,1.5625979900360107,1.619554042816162,45.56153106689453,0.6364390254020691,0.8482580184936523,39.83269119262695,0.14311100542545319
58232.31640625,3928.8447265625,662.2285766601562,1.5352929830551147,1.7705620527267456,44.330196380615234,0.5700700283050537,0.9698650240898132,40.312843322753906,0.14287500083446503
55859.796875,3952.2939453125,631.3519897460938,1.3890060186386108,1.6446959972381592,42.90963363647461,0.4499639868736267,0.8750690221786499,36.541770935058594,0.1271589994430542
56704.57421875,4168.701171875,672.3339233398438,1.4776819944381714,1.7640769481658936,44.57746887207031,0.4952310025691986,1.069219946861267,38.64228439331055,0.13882599771022797
49150.53515625,3785.8486328125,588.1851806640625,1.247864007949829,1.5527750253677368,42.45730972290039,0.3853760063648224,1.0190140008926392,34.03139114379883,0.11869899928569794
49716.19140625,3715.1484375,571.4345092773438,1.3589099645614624,1.9336680173873901,40.99785232543945,0.49037399888038635,1.0531539916992188,40.031654357910156,0.12147299945354462
49880.53515625,4079.057373046875,603.1282958984375,1.4029170274734497,2.004796028137207,42.717864990234375,0.5596039891242981,1.470762014389038,47.94593811035156,0.12477599829435349
46760.1875,3638.1220703125,563.0416870117188,1.4858800172805786,2.1740269660949707,43.461307525634766,0.507972002029419,1.608185052871704,43.538631439208984,0.12069100141525269
46456.05859375,3587.506103515625,562.829833984375,1.452605962753296,2.309113025665283,47.200828552246094,0.5148950219154358,1.714745044708252,42.63151168823242,0.11950600147247314
43537.51171875,3282.397705078125,511.9643859863281,1.4962999820709229,2.032226085662842,46.86320495605469,0.4878920018672943,1.7279729843139648,38.71015930175781,0.1128700003027916
42909.40234375,3380.070068359375,508.0223083496094,1.5907340049743652,2.003662109375,55.91096115112305,0.47611498832702637,2.45436692237854,40.645355224609375,0.11638599634170532
37002.44140625,2460.67919921875,339.0254821777344,1.0703129768371582,1.4825210571289062,35.107181549072266,0.33312299847602844,1.6593899726867676,25.227142333984375,0.07933200150728226
40782.73828125,2784.294189453125,393.6127624511719,1.1855369806289673,1.8104690313339233,44.74274826049805,0.400193989276886,1.8414510488510132,29.150569915771484,0.08959700167179108
37304.69140625,2430.621337890625,326.29632568359375,1.0069760084152222,1.5522769689559937,38.81285095214844,0.3593820035457611,1.4823360443115234,24.463970184326172,0.07792100310325623
37536.6328125,2295.70556640625,299.50408935546875,0.9063169956207275,1.463621973991394,31.315582275390625,0.34237098693847656,1.1932920217514038,22.014524459838867,0.07535900175571442
34770.58203125,2109.579833984375,262.9456787109375,0.7970150113105774,1.325435996055603,24.68874740600586,0.30807098746299744,1.0867149829864502,18.029441833496094,0.06318099796772003
38705.98046875,2643.591064453125,345.30963134765625,0.9928349852561951,1.5494849681854248,31.283571243286133,0.3661620020866394,1.7175769805908203,23.19908905029297,0.07672300189733505
38402.22265625,2706.62890625,344.1139831542969,0.976186990737915,1.5553690195083618,29.99707794189453,0.34630200266838074,1.9400500059127808,22.130130767822266,0.07728099822998047
39294.19921875,2888.69873046875,379.85430908203125,1.0337250232696533,1.7827019691467285,35.539817810058594,0.35369300842285156,2.2101669311523438,24.5496883392334,0.08324100077152252
38436.96875,2736.488525390625,367.6557922363281,0.9702349901199341,1.6459599733352661,33.584590911865234,0.33294498920440674,2.026745080947876,23.852981567382812,0.07915099710226059
35697.60546875,2419.90625,329.8799133300781,0.9001479744911194,1.5119869709014893,29.039276123046875,0.3112049996852875,1.8232940435409546,21.410093307495117,0.07208699733018875
34616.06640625,2279.51416015625,305.0521545410156,0.8317880034446716,1.4062319993972778,27.376420974731445,0.3031100034713745,1.6981940269470215,19.863374710083008,0.0687830001115799
35678.12890625,2390.305419921875,325.7840270996094,0.9066089987754822,1.577278971672058,28.602659225463867,0.3022240102291107,1.8649380207061768,20.473987579345703,0.07203599810600281
37332.85546875,2714.9453125,354.329345703125,1.0465840101242065,1.742777943611145,32.816246032714844,0.3258099853992462,1.8810240030288696,23.430927276611328,0.07692000269889832
36684.92578125,2633.518310546875,362.7946472167969,1.0110009908676147,1.7347530126571655,30.985260009765625,0.3700770139694214,1.8211640119552612,22.81084632873535,0.07613600045442581
37575.1796875,2706.125,401.2623291015625,1.024399995803833,1.7528239488601685,33.95631790161133,0.4233739972114563,1.7958970069885254,25.957727432250977,0.07804100215435028
39208.765625,2855.12646484375,427.80792236328125,1.045320987701416,1.8404710292816162,39.47090530395508,0.39996299147605896,1.8238459825515747,27.013458251953125,0.08211900293827057
36894.40625,2688.195068359375,391.39532470703125,0.970196008682251,1.710908055305481,37.415069580078125,0.37632301449775696,1.631484031677246,25.008298873901367,0.07725200057029724
35551.95703125,2630.576904296875,390.4318542480469,0.9232860207557678,1.6590089797973633,39.58539962768555,0.37217700481414795,1.5273339748382568,23.816770553588867,0.07559599727392197
35862.37890625,2715.0927734375,393.8202209472656,0.945285975933075,1.6782480478286743,42.30837631225586,0.3718070089817047,1.5834280252456665,24.20159912109375,0.07750699669122696
33560.70703125,2590.26318359375,357.3102111816406,0.8611549735069275,1.5641059875488281,38.262332916259766,0.33105000853538513,1.4801219701766968,21.6269588470459,0.07162100076675415
33472.6328125,2517.438720703125,354.0013732910156,0.8757879734039307,1.5880299806594849,41.51781463623047,0.32768699526786804,1.485098958015442,21.745269775390625,0.07263299822807312
37345.12109375,2608.26708984375,375.73468017578125,0.9200339913368225,1.6248259544372559,42.031776428222656,0.3433310091495514,1.4924269914627075,23.184938430786133,0.07537499815225601
36702.59765625,2471.5185546875,352.1831970214844,0.8691819906234741,1.5318570137023926,41.09867477416992,0.32635098695755005,1.3622050285339355,22.684816360473633,0.07260899990797043
37334.3984375,2353.768798828125,345.9336853027344,0.8484500050544739,1.436378002166748,36.046085357666016,0.3193590044975281,1.251965045928955,20.985857009887695,0.06914299726486206
35552.515625,2372.484375,343.74102783203125,0.8326830267906189,1.4802199602127075,36.441688537597656,0.31208398938179016,1.3412690162658691,20.777036666870117,0.06811899691820145
39097.859375,2508.3916015625,366.6489562988281,0.8831599950790405,1.5583590269088745,38.77043533325195,0.3243820071220398,1.4692169427871704,22.07633399963379,0.07155600190162659
40218.4765625,2537.89111328125,368.7927551269531,0.8928970098495483,1.5751099586486816,38.71305465698242,0.3320850133895874,1.4778629541397095,22.20535659790039,0.07225199788808823
40406.26953125,2610.936767578125,373.566162109375,0.8898000121116638,1.597756028175354,41.153648376464844,0.3283810019493103,1.6914600133895874,24.760835647583008,0.07255099713802338
38347.0625,2367.66357421875,347.033447265625,0.8319079875946045,1.4825730323791504,39.703617095947266,0.307761013507843,1.4771970510482788,22.97217559814453,0.06891699880361557
38053.50390625,2372.001953125,352.738525390625,0.8414379954338074,1.482193946838379,39.264591217041016,0.3064959943294525,1.5037939548492432,22.51145362854004,0.07382199913263321
35787.24609375,2231.733154296875,336.8096923828125,0.797648012638092,1.415395975112915,36.64879608154297,0.2934719920158386,1.3772610425949097,21.398895263671875,0.06958399713039398
35615.87109375,2178.4990234375,335.71282958984375,0.7616729736328125,1.390570044517517,35.35343551635742,0.2873559892177582,1.3636950254440308,20.355941772460938,0.06872200220823288
35698.296875,2246.364501953125,340.06719970703125,0.7763770222663879,1.4291880130767822,35.32201385498047,0.2809000015258789,1.3989959955215454,20.67236328125,0.06783299893140793
31676.693359375,1888.447509765625,270.98443603515625,0.6103879809379578,1.1774799823760986,26.657400131225586,0.17869099974632263,1.0990519523620605,15.769904136657715,0.05358399823307991
32505.66015625,1874.9500732421875,261.8180847167969,0.5450670123100281,1.1532540321350098,26.7718563079834,0.19103099405765533,1.0743839740753174,14.652412414550781,0.050939999520778656
33723.02734375,1989.736328125,294.49029541015625,0.6265349984169006,1.2528959512710571,30.048887252807617,0.23217399418354034,1.1585869789123535,16.14249038696289,0.05572199821472168
34662.4375,1988.456298828125,308.39703369140625,0.671999990940094,1.3560869693756104,31.181034088134766,0.2627820074558258,1.2031480073928833,16.253658294677734,0.06602499634027481
31637.779296875,1813.21728515625,281.62091064453125,0.6133229732513428,1.256477952003479,28.698862075805664,0.23915299773216248,1.0461629629135132,14.467696189880371,0.061601001769304276
32186.27734375,1829.2392578125,279.43804931640625,0.615435004234314,1.250440001487732,29.712854385375977,0.24478399753570557,1.0754530429840088,14.499611854553223,0.06269600242376328
34649.64453125,1978.8946533203125,290.5670166015625,0.6469230055809021,1.3352019786834717,31.929391860961914,0.2644500136375427,1.1120330095291138,15.015593528747559,0.06477999687194824
34434.3359375,2079.657470703125,289.53411865234375,0.643746018409729,1.3247519731521606,32.92778015136719,0.2568570077419281,1.119223952293396,15.740378379821777,0.06523100286722183
35867.77734375,2160.768310546875,300.2115478515625,0.7017250061035156,1.3684370517730713,33.86680221557617,0.26276901364326477,1.1672790050506592,16.25337028503418,0.06769099831581116
35040.8359375,2274.547607421875,303.2958679199219,0.7063739895820618,1.383471965789795,35.55640411376953,0.2542150020599365,1.1674280166625977,16.40219497680664,0.0681459978222847
33572.1171875,2113.60546875,288.2184143066406,0.6611800193786621,1.3356109857559204,33.40403366088867,0.2445490062236786,1.0773570537567139,15.278964042663574,0.06489399820566177
33897.046875,2150.040283203125,287.423095703125,0.6567630171775818,1.3943970203399658,34.02048110961914,0.2452639937400818,1.1036109924316406,15.340773582458496,0.06651200354099274
34668.546875,2226.1142578125,298.23712158203125,0.6728879809379578,1.4068360328674316,34.478816986083984,0.24641099572181702,1.118638038635254,15.553715705871582,0.06681299954652786
35287.78125,2321.72412109375,307.7320861816406,0.6949449777603149,1.458184003829956,34.31060028076172,0.2464829981327057,1.1478650569915771,16.014026641845703,0.06729800254106522
33746.00390625,2198.58251953125,302.37799072265625,0.6542999744415283,1.4048980474472046,32.984588623046875,0.23161399364471436,1.1016099452972412,15.23558235168457,0.06457400321960449
34235.1953125,2324.679443359375,320.934814453125,0.6654019951820374,1.4180530309677124,34.26913833618164,0.2344219982624054,1.1317859888076782,16.143564224243164,0.06493499875068665
33855.328125,2315.161865234375,327.5224609375,0.6515750288963318,1.4031180143356323,36.59136962890625,0.22412599623203278,1.128411054611206,16.857789993286133,0.06429500132799149
32877.37109375,2120.0263671875,310.4271240234375,0.623058021068573,1.3301459550857544,33.20372772216797,0.20759700238704681,1.0433399677276611,15.337747573852539,0.061122000217437744
33798.01171875,2146.6923828125,316.4845275878906,0.6368039846420288,1.3494739532470703,33.2646484375,0.21986399590969086,1.0513290166854858,15.669268608093262,0.062178000807762146
33520.51953125,2111.403564453125,316.14013671875,0.6254630088806152,1.3360849618911743,31.788644790649414,0.213919997215271,1.02987802028656,15.290839195251465,0.06137799844145775
34240.1875,2139.664794921875,322.0316467285156,0.6359350085258484,1.3481450080871582,32.17784118652344,0.21585600078105927,1.0421520471572876,15.48243522644043,0.06182299926877022
33155.84765625,2036.7210693359375,316.32818603515625,0.6301779747009277,1.3150990009307861,30.848087310791016,0.2080480009317398,0.9969879984855652,14.873132705688477,0.06022400036454201
32702.025390625,1940.083984375,308.8111572265625,0.6195229887962341,1.2650829553604126,29.12118911743164,0.2000029981136322,0.9456639885902405,14.18964958190918,0.0593390017747879
32822.34765625,1994.331298828125,309.4063720703125,0.6203240156173706,1.2622580528259277,31.2810001373291,0.1973239928483963,0.9286959767341614,13.799570083618164,0.05986899882555008
31780.73046875,1911.1756591796875,315.2440185546875,0.5969409942626953,1.2231919765472412,28.45210075378418,0.18488800525665283,0.8767820000648499,13.08484935760498,0.0577160008251667
31421.5390625,1880.3829345703125,302.985595703125,0.5907739996910095,1.1737149953842163,26.37000846862793,0.17234499752521515,0.8126140236854553,12.053826332092285,0.05568299815058708
31533.068359375,1898.8251953125,300.4979248046875,0.582427978515625,1.172302007675171,26.721668243408203,0.1861249953508377,0.8014609813690186,12.292176246643066,0.055994998663663864
31796.810546875,1895.5521240234375,302.4804992675781,0.5879219770431519,1.183698058128357,26.751909255981445,0.18223300576210022,0.7954570055007935,12.682146072387695,0.05605100095272064
30817.83203125,1817.296630859375,280.01861572265625,0.5575559735298157,1.121116042137146,24.44757652282715,0.17355599999427795,0.7307279706001282,11.425251007080078,0.05344900116324425
29807.34765625,1787.5107421875,264.7823791503906,0.5293359756469727,1.0562909841537476,23.48955535888672,0.17080099880695343,0.6901010274887085,10.98121166229248,0.050558000802993774
32110.693359375,1990.9708251953125,292.5313720703125,0.569998025894165,1.168097972869873,26.623079299926758,0.19034899771213531,0.8880090117454529,12.305878639221191,0.05382300168275833
32313.10546875,2025.2027587890625,293.6411437988281,0.5922060012817383,1.1861610412597656,27.70208168029785,0.19130299985408783,0.8805509805679321,13.161491394042969,0.055282000452280045
33581.55078125,2124.776611328125,299.2829895019531,0.6092240214347839,1.206307053565979,28.513879776000977,0.19476400315761566,0.9492300152778625,13.397968292236328,0.05602699890732765
34292.4453125,2189.21875,302.0718688964844,0.6098269820213318,1.2334970235824585,28.702619552612305,0.19731900095939636,0.9493250250816345,13.805340766906738,0.057346999645233154
35350.1875,2191.373779296875,302.4361572265625,0.6063569784164429,1.2285009622573853,28.168773651123047,0.19786399602890015,0.9399430155754089,13.712599754333496,0.05787999927997589
37337.53515625,2233.36669921875,304.4782409667969,0.6256179809570312,1.2584929466247559,28.306642532348633,0.20441900193691254,1.0178860425949097,13.951711654663086,0.05855400115251541
39406.94140625,2298.33349609375,313.60260009765625,0.6446040272712708,1.2784459590911865,28.065326690673828,0.20589900016784668,1.0398199558258057,14.37607192993164,0.06017899885773659
39995.90625,2296.54541015625,313.42864990234375,0.7254449725151062,1.2835040092468262,27.815410614013672,0.2053920030593872,1.015442967414856,14.538834571838379,0.060516998171806335
40008.421875,2380.956787109375,316.74945068359375,0.7480170130729675,1.2840839624404907,31.281137466430664,0.20461900532245636,1.025704026222229,15.236948013305664,0.061772000044584274
42235.546875,2466.96142578125,322.90936279296875,0.7521190047264099,1.3089519739151,32.393943786621094,0.20882099866867065,1.0694069862365723,15.838522911071777,0.06327199935913086
41626.1953125,2536.2099609375,333.5495910644531,0.7477859854698181,1.3223450183868408,36.82731246948242,0.20831400156021118,1.0826489925384521,16.847204208374023,0.06409499794244766
39974.89453125,2561.85205078125,333.4840087890625,0.7259219884872437,1.3177299499511719,34.25436019897461,0.2044370025396347,1.052474021911621,18.413965225219727,0.06331799924373627
39201.9453125,2610.1533203125,331.1031188964844,0.7392200231552124,1.3100680112838745,33.22241973876953,0.20360000431537628,1.04818594455719,18.017284393310547,0.06469199806451797
38152.98046875,2502.349609375,322.74774169921875,0.7127289772033691,1.3650259971618652,33.99644088745117,0.19596700370311737,1.0187950134277344,17.33682632446289,0.06392200291156769
39747.50390625,2724.619873046875,334.9187927246094,0.7304880023002625,1.3765640258789062,35.76362609863281,0.20148999989032745,1.0526820421218872,19.16309356689453,0.06739400327205658
40869.5546875,2827.328857421875,337.8738708496094,0.7331510186195374,1.386144995689392,37.35513687133789,0.2009740024805069,1.0649449825286865,19.13237190246582,0.07013499736785889
42816.5,2890.941650390625,342.1369934082031,0.7465130090713501,1.401785969734192,39.446102142333984,0.20468799769878387,1.0808219909667969,20.400678634643555,0.07188300043344498
44555.80078125,3157.23876953125,355.7413635253906,0.8162810206413269,1.4706770181655884,39.403472900390625,0.26034098863601685,1.166139006614685,20.96709442138672,0.07515600323677063
43798.1171875,3013.732666015625,342.06475830078125,0.7787389755249023,1.4278299808502197,37.673824310302734,0.2400449961423874,1.0809069871902466,19.676132202148438,0.07186400145292282
46365.40234375,3167.856201171875,354.9668273925781,0.8185529708862305,1.4776400327682495,38.767784118652344,0.2568970024585724,1.127634048461914,20.6209716796875,0.07403499633073807
45585.03125,3141.691162109375,371.9543762207031,0.8512470126152039,1.6725660562515259,40.63979721069336,0.2573249936103821,1.1575889587402344,20.608009338378906,0.07465899735689163
45593.63671875,3164.2451171875,391.7570495605469,1.0125240087509155,1.7980380058288574,41.74411392211914,0.26526299118995667,1.373568058013916,21.402421951293945,0.08338800072669983
44428.2890625,3043.414306640625,385.8189697265625,0.9645490050315857,1.8238780498504639,41.099361419677734,0.26392099261283875,1.3210190534591675,20.754806518554688,0.08413899689912796
47793.3203125,3322.211669921875,410.94488525390625,1.089959979057312,2.1360790729522705,44.894500732421875,0.2868080139160156,1.513185977935791,22.714149475097656,0.08942700177431107
47096.9453125,3265.443359375,409.03448486328125,1.280411958694458,2.1916871070861816,44.112850189208984,0.29311299324035645,1.4417589902877808,22.861026763916016,0.09266000241041183
47047.00390625,3310.504150390625,414.59503173828125,1.288159966468811,2.1691529750823975,53.74515914916992,0.34144100546836853,1.466439962387085,23.17401695251465,0.0930979996919632
46004.484375,3156.509521484375,417.4708557128906,1.1909929513931274,2.0794169902801514,62.432464599609375,0.3207150101661682,1.4275130033493042,24.535856246948242,0.08966299891471863
44695.359375,3014.845947265625,401.9089050292969,1.0981990098953247,1.9266010522842407,64.21070861816406,0.29944199323654175,1.3517589569091797,23.533639907836914,0.08514899760484695
44801.1875,3020.08984375,398.25146484375,1.14609694480896,2.108560085296631,72.5433120727539,0.3037390112876892,1.3385469913482666,23.948135375976562,0.08476299792528152
46717.578125,3182.7021484375,430.9888610839844,1.232841968536377,2.4281399250030518,72.75760650634766,0.3171440064907074,1.4692679643630981,26.548627853393555,0.08820699900388718
49339.17578125,3286.935302734375,454.9363098144531,1.2632219791412354,2.4577019214630127,78.72461700439453,0.32749098539352417,1.5527429580688477,28.146953582763672,0.09056700021028519
48905.4921875,3226.083984375,448.9202575683594,1.2164729833602905,2.4354350566864014,73.75621032714844,0.3167969882488251,1.5849740505218506,27.873336791992188,0.08800400048494339
49321.65234375,3242.115478515625,449.0534973144531,1.2277220487594604,2.7137250900268555,72.80391693115234,0.3149630129337311,1.626175045967102,27.736873626708984,0.0881119966506958
49546.1484375,3319.25732421875,499.8905944824219,1.2472699880599976,2.917386054992676,75.70803833007812,0.3179140090942383,1.624295949935913,27.89130973815918,0.08994299918413162
47706.1171875,3172.456298828125,471.595458984375,1.1373519897460938,2.7210910320281982,70.67090606689453,0.28873899579048157,1.4747469425201416,25.081445693969727,0.08461999893188477
48960.7890625,3224.915283203125,502.7862548828125,1.1725289821624756,2.7381319999694824,71.95156860351562,0.29222598671913147,1.5259510278701782,25.935373306274414,0.0874290019273758
46942.21875,3100.325439453125,479.006103515625,1.0752660036087036,2.5355279445648193,75.31620788574219,0.2689090073108673,1.3777389526367188,23.981494903564453,0.08316999673843384
49058.66796875,3270.600830078125,494.4986877441406,1.1884729862213135,2.944196939468384,88.08698272705078,0.29443299770355225,1.5154930353164673,26.569753646850586,0.08826799690723419
48902.40234375,3244.4033203125,486.1969299316406,1.1455049514770508,2.847490072250366,96.70317077636719,0.285629004240036,1.4579119682312012,25.96674156188965,0.08829600363969803
48829.83203125,3227.002685546875,480.28302001953125,1.1408319473266602,2.8559861183166504,94.46967315673828,0.281125009059906,1.4207819700241089,25.73291778564453,0.08859100192785263
47054.984375,3224.374267578125,459.4907531738281,1.1014349460601807,2.7331600189208984,110.54480743408203,0.2721250057220459,1.3139029741287231,26.044719696044922,0.08619099855422974
47166.6875,3433.732666015625,464.4187316894531,1.1875929832458496,2.772475004196167,108.48377227783203,0.27845299243927,1.338104009628296,31.470020294189453,0.08881200104951859
48847.02734375,3834.828125,490.0687255859375,1.234889030456543,2.870767116546631,111.03300476074219,0.29440099000930786,1.471418023109436,33.13948059082031,0.09511099755764008
49327.72265625,3790.989990234375,483.9210510253906,1.256324052810669,2.963438034057617,128.10238647460938,0.29595500230789185,1.4467209577560425,31.814712524414062,0.09992600232362747
50025.375,3940.61474609375,488.6047058105469,1.2914350032806396,2.9682390689849854,146.5830535888672,0.29627299308776855,1.4592169523239136,33.67427444458008,0.10151900351047516
49944.625,3887.828369140625,498.07843017578125,1.2557790279388428,2.8328070640563965,139.11306762695312,0.29938799142837524,1.7339099645614624,32.41751480102539,0.10166899859905243
51753.41015625,3952.133544921875,504.619873046875,1.3054980039596558,2.9108240604400635,142.0708770751953,0.3145270049571991,1.679481029510498,34.408790588378906,0.10514699667692184
52633.53515625,3928.37939453125,495.9250183105469,1.3894129991531372,2.831897020339966,164.38092041015625,0.3087649941444397,1.64382803440094,34.31120300292969,0.10371199995279312
46811.12890625,3426.394287109375,417.5087890625,1.1250989437103271,2.502490997314453,173.14892578125,0.2537440061569214,1.3542020320892334,27.82574462890625,0.08527500182390213
46091.390625,3497.315185546875,415.1131591796875,1.1007200479507446,2.4749889373779297,191.04139709472656,0.2571130096912384,1.333335041999817,27.70879364013672,0.09279700368642807
46391.421875,3427.340087890625,421.27001953125,1.0894010066986084,2.5176661014556885,188.19580078125,0.252595990896225,1.3671890497207642,29.835569381713867,0.09302400052547455
44883.91015625,3211.505859375,401.6217956542969,1.0572669506072998,2.385910987854004,179.865234375,0.2399819940328598,1.304479956626892,29.215356826782227,0.09087300300598145
45201.45703125,3270.278076171875,405.5273742675781,1.0799059867858887,2.6339499950408936,178.8678741455078,0.24143199622631073,1.3154699802398682,31.594602584838867,0.09539999812841415
46063.26953125,3410.134521484375,416.6832275390625,1.119636058807373,2.5817270278930664,174.53762817382812,0.25061699748039246,1.3297380208969116,35.77433776855469,0.1126680001616478
44963.07421875,3285.51171875,399.0634460449219,1.0646779537200928,2.400662899017334,169.26954650878906,0.23590600490570068,1.2476099729537964,34.76799011230469,0.1047929972410202
47092.4921875,3429.169677734375,414.2362365722656,1.0965739488601685,2.3956379890441895,158.09481811523438,0.24070900678634644,1.316789984703064,37.37580108642578,0.11826799809932709
48176.34765625,3615.28271484375,431.42303466796875,1.121353030204773,2.5016350746154785,159.1173858642578,0.24769699573516846,1.4163730144500732,36.46339416503906,0.12091799825429916
47783.359375,3571.294921875,424.64923095703125,1.0914980173110962,2.420969009399414,152.47406005859375,0.24255500733852386,1.383579969406128,35.547550201416016,0.11608800292015076
47267.51953125,3398.538818359375,406.6328125,1.0655980110168457,2.346419095993042,147.5930633544922,0.23993000388145447,1.422435998916626,33.021385192871094,0.10516399890184402
48278.36328125,3432.018310546875,410.8092956542969,1.0756679773330688,2.3699779510498047,169.18421936035156,0.24138599634170532,1.3662420511245728,34.89886474609375,0.10593400150537491
47260.21875,3329.447998046875,408.4716491699219,1.0484280586242676,2.282299041748047,152.51669311523438,0.23314200341701508,1.31454598903656,33.801334381103516,0.10374400019645691
42843.80078125,2958.993408203125,361.9659118652344,0.9171519875526428,2.0639889240264893,132.13446044921875,0.20707100629806519,1.1263760328292847,28.051830291748047,0.09094399958848953
40693.67578125,2764.43115234375,344.53460693359375,0.8763290047645569,1.9870280027389526,123.95039367675781,0.2010270059108734,1.046900987625122,26.31650161743164,0.08823800086975098
43574.5078125,3077.867919921875,379.4403381347656,1.0040760040283203,2.2661819458007812,147.92425537109375,0.22485800087451935,1.231153964996338,31.611772537231445,0.09877199679613113
44895.09765625,3155.523681640625,383.8204040527344,1.0020400285720825,2.3309409618377686,149.75357055664062,0.22483199834823608,1.2255940437316895,33.54473876953125,0.09920600056648254
42839.75,2931.669189453125,355.3162841796875,0.9459239840507507,2.281269073486328,139.39564514160156,0.20945100486278534,1.1289069652557373,30.842344284057617,0.09233000129461288
42716.59375,2925.565673828125,349.8800964355469,0.9413419961929321,2.3015410900115967,136.17892456054688,0.208639994263649,1.1222749948501587,29.843185424804688,0.0906819999217987
43208.5390625,3062.265380859375,344.1817626953125,0.944720983505249,2.2084949016571045,135.69937133789062,0.20496200025081635,1.12301504611969,28.828662872314453,0.0877159982919693
42235.73046875,2934.138916015625,336.19122314453125,0.9236850142478943,2.1359050273895264,136.72842407226562,0.20026199519634247,1.0866930484771729,27.772104263305664,0.08608099818229675
41034.54296875,2807.296630859375,333.0325927734375,0.893688976764679,2.0391390323638916,131.53721618652344,0.1968040019273758,1.0503549575805664,26.33382797241211,0.08314500004053116
41564.36328125,2853.143310546875,367.9895935058594,0.9283490180969238,2.065687894821167,135.35145568847656,0.19887599349021912,1.0994160175323486,27.274255752563477,0.08594600111246109
43790.89453125,3001.678955078125,387.0573425292969,0.9526360034942627,2.1144518852233887,141.0690460205078,0.204244002699852,1.1271090507507324,28.58061981201172,0.08942600339651108
48116.94140625,3307.51611328125,421.6431884765625,1.0426239967346191,2.258126974105835,161.682373046875,0.22301000356674194,1.2661950588226318,31.96877670288086,0.09473200142383575
47711.48828125,3391.6943359375,428.09832763671875,1.0386749505996704,2.2514588832855225,169.093017578125,0.21913300454616547,1.296617031097412,32.122108459472656,0.09362699836492538
48199.953125,3418.358642578125,430.5088195800781,1.0551700592041016,2.252872943878174,172.5891571044922,0.2217479944229126,1.3253790140151978,32.105255126953125,0.09498099982738495
49112.90234375,3380.089111328125,425.7489013671875,1.043004035949707,2.189234972000122,166.73191833496094,0.2408519983291626,1.2719099521636963,31.042125701904297,0.09350699931383133
51514.8125,3518.5185546875,442.7061462402344,1.0855029821395874,2.233124017715454,164.11582946777344,0.25201600790023804,1.3145439624786377,31.427457809448242,0.09618300199508667
55361.44921875,3580.56201171875,435.4013671875,1.0776560306549072,2.2121551036834717,154.1077423095703,0.2551339864730835,1.2576429843902588,32.28961181640625,0.0955210030078888
53805.984375,3587.974853515625,438.7617492675781,1.0680259466171265,2.2769949436187744,154.28118896484375,0.24292300641536713,1.2765079736709595,33.97454833984375,0.09551399946212769
53967.84765625,3563.75927734375,419.10205078125,1.0628910064697266,2.237175941467285,158.94920349121094,0.24385100603103638,1.3440279960632324,33.372894287109375,0.09766999632120132
54968.22265625,3575.716796875,421.5494689941406,1.1599260568618774,2.2666149139404297,156.82583618164062,0.24659599363803864,1.351140022277832,36.3274040222168,0.10287000238895416
54771.578125,3425.852783203125,405.0693054199219,1.1384530067443848,2.197213888168335,148.0487060546875,0.22980499267578125,1.248175024986267,34.4664192199707,0.09774799644947052
57484.7890625,3545.35400390625,413.4562072753906,1.137887954711914,2.173388957977295,144.85813903808594,0.23150299489498138,1.24372398853302,34.18463134765625,0.09716200083494186
56041.05859375,3492.5732421875,443.8675231933594,1.1018589735031128,2.119189977645874,152.73712158203125,0.22624200582504272,1.2238709926605225,35.159767150878906,0.09550900012254715
57401.09765625,3606.20166015625,470.74969482421875,1.128391981124878,2.1890530586242676,148.17604064941406,0.23257200419902802,1.2411179542541504,41.6169319152832,0.09799300134181976
57321.5234375,3786.01416015625,472.02239990234375,1.132315993309021,2.170362949371338,149.75680541992188,0.23227299749851227,1.2630540132522583,40.75510025024414,0.0971589982509613
61593.94921875,3862.634765625,473.70263671875,1.1405500173568726,2.214651107788086,162.59620666503906,0.23378199338912964,1.583204984664917,43.15711212158203,0.09850399941205978
60892.1796875,3830.382080078125,465.6424560546875,1.1350959539413452,2.177712917327881,157.538818359375,0.23729200661182404,1.506134033203125,41.757625579833984,0.09869000315666199
61553.6171875,3847.1044921875,470.62554931640625,1.0934679508209229,2.1569631099700928,159.74380493164062,0.23789800703525543,1.4565349817276,42.073951721191406,0.09869000315666199
62026.078125,3748.76025390625,485.11102294921875,1.0838420391082764,2.128262996673584,157.2312774658203,0.2472810000181198,1.4791159629821777,41.18367004394531,0.09814000129699707
64261.9921875,3877.65087890625,488.14886474609375,1.092079997062683,2.112962007522583,156.01702880859375,0.24578799307346344,1.471904993057251,41.38401412963867,0.10060899704694748
65992.8359375,4155.9921875,501.02032470703125,1.1423280239105225,2.1859500408172607,175.94686889648438,0.2540929913520813,1.5318690538406372,44.348655700683594,0.10306400060653687
62210.171875,4054.32275390625,471.2569274902344,1.0893150568008423,2.1365909576416016,190.3184356689453,0.24239100515842438,1.5044549703598022,42.846519470214844,0.09952200204133987
60692.265625,3970.181884765625,478.6431579589844,1.0883740186691284,2.1541988849639893,196.43153381347656,0.24422100186347961,1.514093041419983,43.44936752319336,0.09982600063085556
61393.6171875,4171.66357421875,485.90643310546875,1.0944969654083252,2.1668150424957275,197.703857421875,0.2517330050468445,1.6419179439544678,44.04997253417969,0.10074000060558319
60930.8359375,4087.903076171875,476.63311767578125,1.0842829942703247,2.1234350204467773,202.3619842529297,0.2770479917526245,1.5737379789352417,42.385658264160156,0.09923399984836578
63039.82421875,4217.876953125,484.64508056640625,1.0951579809188843,2.144066095352173,210.1042938232422,0.2647069990634918,1.6744489669799805,44.5266227722168,0.1007080003619194
60363.79296875,4131.10205078125,478.0250549316406,1.108093023300171,2.138777017593384,199.8072509765625,0.255731999874115,1.7360249757766724,44.883872985839844,0.10118900239467621
58482.38671875,3930.25732421875,449.00799560546875,0.9954519867897034,1.9132369756698608,183.77459716796875,0.2376900017261505,1.7599420547485352,40.41045379638672,0.0907059982419014
60622.13671875,4287.31884765625,492.0155334472656,1.0588200092315674,1.9882190227508545,194.86398315429688,0.3004469871520996,2.128509998321533,41.861690521240234,0.09536900371313095
